{
  "lambda": {
    "m11": 16.226231647080265,
    "m22": 16.226710260417136,
    "m33": 16.147179294687653,
    "Xu": 6.166164873161353,
    "Yv": 6.202779146937235,
    "Nr": 3.814002763985029
  },
  "train_loss": 0.11683147167143898,
  "val_loss": 0.13693490814163492,
  "residuals": {
    "train": {
      "surge": 0.02381024242484079,
      "sway": 0.011220611727388953,
      "yaw": 0.004221017289589272
    },
    "val": {
      "surge": 0.03694538103027669,
      "sway": 0.006715897203169869,
      "yaw": -0.006849909763110915
    }
  }
}