{
  "lambda": {
    "m11": 48.699164058091974,
    "m22": 49.254896697537994,
    "m33": 10.200662094621414,
    "Xu": 5.969077636851835,
    "Yv": 13.284708544471997,
    "Nr": 0.21846931881227266
  },
  "train_loss": 0.05586198433780249,
  "val_loss": 0.05691054278681791,
  "residuals": {
    "train": {
      "surge": 0.003517430378429404,
      "sway": 0.0014332507927002766,
      "yaw": 0.006478484315192384
    },
    "val": {
      "surge": 0.005195007166159925,
      "sway": -0.0006168260762438343,
      "yaw": -0.009899009462778247
    }
  }
}