{
  "lambda": {
    "m11": 15.498217149307322,
    "m22": 15.498262496407206,
    "m33": 15.492791341925935,
    "Xu": 5.498394350072936,
    "Yv": 5.5006203982373965,
    "Nr": 4.514008097270599
  },
  "train_loss": 0.12514605877108148,
  "val_loss": 0.14795173599268233,
  "residuals": {
    "train": {
      "surge": 0.03098059945032053,
      "sway": 0.011690447509835894,
      "yaw": 0.004049128689508647
    },
    "val": {
      "surge": 0.04457070115134021,
      "sway": 0.007304259341422459,
      "yaw": -0.006969528143920947
    }
  }
}