{
  "lambda": {
    "m11": 17.353499347458676,
    "m22": 17.35533611428793,
    "m33": 16.8270768998376,
    "Xu": 6.896001284313887,
    "Yv": 7.169993417614621,
    "Nr": 2.831243884002649
  },
  "train_loss": 0.10684583593764713,
  "val_loss": 0.12367488199525567,
  "residuals": {
    "train": {
      "surge": 0.016215846343558594,
      "sway": 0.010527516728591901,
      "yaw": 0.004457906514509109
    },
    "val": {
      "surge": 0.028579555341028243,
      "sway": 0.005916388989402487,
      "yaw": -0.00675563705772548
    }
  }
}