{
  "lambda": {
    "m11": 29.129121175451683,
    "m22": 29.254137734190895,
    "m33": 10.174208877810406,
    "Xu": 6.743623926979382,
    "Yv": 10.29342006905456,
    "Nr": 0.2612354371387954
  },
  "train_loss": 0.06808437271659264,
  "val_loss": 0.07315920237240893,
  "residuals": {
    "train": {
      "surge": 0.007365133530864709,
      "sway": 0.004985400270625331,
      "yaw": 0.006490788553707531
    },
    "val": {
      "surge": 0.013072338522351505,
      "sway": 0.0017495079446832634,
      "yaw": -0.009827974188182709
    }
  }
}