{
  "lambda": {
    "m11": 23.754192461002003,
    "m22": 23.804749143278226,
    "m33": 12.482602079297571,
    "Xu": 6.959062361413919,
    "Yv": 9.427334230885869,
    "Nr": 0.5012345022772847
  },
  "train_loss": 0.07820189878280341,
  "val_loss": 0.08639311866624755,
  "residuals": {
    "train": {
      "surge": 0.009506957475759623,
      "sway": 0.006980591828277649,
      "yaw": 0.00579066110661722
    },
    "val": {
      "surge": 0.017483768163229208,
      "sway": 0.003090430229368546,
      "yaw": -0.008454791072992896
    }
  }
}